time,cloud_cover,cloud_cover_low,cloud_cover_mid,cloud_cover_high,relative_humidity_2m,temperature_2m,dew_point_2m,precipitation_probability,wind_speed_10m
2026-10-08 17:00:00,32,31,7,0,63,24.9,17.4,0,12.2
2026-10-08 18:00:00,16,14,11,0,68,23.5,17.4,0,11.1
2026-10-08 19:00:00,13,12,5,0,75,23.0,18.2,0,10.5
2026-10-08 20:00:00,7,7,2,0,76,22.8,18.3,0,13.4
2026-10-08 21:00:00,16,16,1,0,80,22.4,18.8,0,12.2
2026-10-08 22:00:00,17,17,4,0,81,22.5,19.0,0,12.6
2026-10-08 23:00:00,14,14,6,0,80,22.5,18.9,0,11.7
2026-10-09 00:00:00,19,19,5,0,81,22.2,18.8,0,11.2
2026-10-09 01:00:00,23,22,3,0,82,22.0,18.8,0,8.3
2026-10-09 02:00:00,19,19,6,0,84,21.8,19.0,0,6.3
2026-10-09 03:00:00,37,36,3,0,86,21.6,19.1,0,6.9
2026-10-09 04:00:00,65,65,2,0,87,21.5,19.3,0,5.1
2026-10-09 05:00:00,40,40,2,0,89,21.3,19.4,0,3.9
