日期,地點,時間,雲量 0 到 10,起霧,肉眼最暗星等,看得到銀河,月亮在天上,備註
2026-10-08,臺北學校,20:00,4,否,3.3,否,否,肉眼可見 Tarazed 2.7、Rastaban 2.8、δ And 3.3 等；天頂照片 docs/observations/2026-10-08_2000_taipei_zenith.jpg
2026-10-08,臺北學校,21:00,,,,,否,
2026-10-08,臺北學校,22:00,,,,,否,
2026-10-08,臺北學校,23:00,,,,,否,
2026-12-11,合歡山觀星園,20:00,,,,,,
2026-12-11,合歡山觀星園,21:00,,,,,,
2026-12-11,合歡山觀星園,22:00,,,,,,
2026-12-11,合歡山觀星園,23:00,,,,,,
2026-12-12,合歡山觀星園,00:00,,,,,,
2026-12-12,合歡山觀星園,02:00,,,,,,
2026-12-12,合歡山觀星園,04:00,,,,,,
2026-12-12,合歡山觀星園,20:00,,,,,,
2026-12-12,合歡山觀星園,21:00,,,,,,
2026-12-12,合歡山觀星園,22:00,,,,,,
2026-12-12,合歡山觀星園,23:00,,,,,,
2026-12-13,合歡山觀星園,00:00,,,,,,
2026-12-13,合歡山觀星園,02:00,,,,,,
2026-12-13,合歡山觀星園,04:00,,,,,,
