stn_id,month,status,http,code,rows,expected,elapsed_s,bytes,fetched_at,note
466910,2023-01,ok,200,200,744,744,1.12,1160540,2026-09-12T14:33:08,
466910,2023-02,ok,200,200,672,672,0.81,1049371,2026-09-12T14:33:10,
466910,2023-03,ok,200,200,744,744,0.83,1159897,2026-09-12T14:33:12,
466910,2023-04,ok,200,200,720,720,0.89,1122746,2026-09-12T14:33:14,
466910,2023-05,ok,200,200,744,744,0.94,1160516,2026-09-12T14:33:16,
466910,2023-06,ok,200,200,720,720,0.97,1122989,2026-09-12T14:33:18,
466910,2023-07,ok,200,200,744,744,0.89,1160480,2026-09-12T14:33:20,
466910,2023-08,ok,200,200,744,744,0.94,1160433,2026-09-12T14:33:22,
466910,2023-09,ok,200,200,720,720,0.56,1122998,2026-09-12T14:33:24,
466910,2023-10,ok,200,200,744,744,0.95,1160667,2026-09-12T14:33:26,
466910,2023-11,ok,200,200,720,720,0.89,1122641,2026-09-12T14:33:28,
466910,2023-12,ok,200,200,744,744,0.7,1160590,2026-09-12T14:33:30,
466910,2024-01,ok,200,200,744,744,0.73,1159517,2026-09-12T14:33:32,
466910,2024-02,ok,200,200,696,696,0.66,1084552,2026-09-12T14:33:34,
466910,2024-03,ok,200,200,744,744,0.91,1159771,2026-09-12T14:33:36,
466910,2024-04,ok,200,200,720,720,0.78,1122971,2026-09-12T14:33:38,
466910,2024-05,ok,200,200,744,744,0.45,1160263,2026-09-12T14:33:40,
466910,2024-06,ok,200,200,720,720,0.98,1122931,2026-09-12T14:33:42,
466910,2024-07,ok,200,200,744,744,0.58,1160398,2026-09-12T14:33:44,
466910,2024-08,ok,200,200,744,744,1.14,1159917,2026-09-12T14:33:46,
466910,2024-09,ok,200,200,720,720,0.45,1123134,2026-09-12T14:33:48,
466910,2024-10,ok,200,200,744,744,0.69,1161136,2026-09-12T14:33:50,
466910,2024-11,ok,200,200,720,720,0.81,1123346,2026-09-12T14:33:52,
466910,2024-12,ok,200,200,744,744,0.75,1160529,2026-09-12T14:33:54,
466910,2025-01,ok,200,200,744,744,0.86,1159550,2026-09-12T14:33:56,
466910,2025-02,ok,200,200,672,672,0.91,1048096,2026-09-12T14:33:58,
466910,2025-03,ok,200,200,744,744,0.62,1159565,2026-09-12T14:34:00,
466910,2025-04,ok,200,200,720,720,0.66,1122663,2026-09-12T14:34:01,
466910,2025-05,ok,200,200,744,744,0.72,1160478,2026-09-12T14:34:03,
466910,2025-06,ok,200,200,720,720,0.84,1122803,2026-09-12T14:34:05,
466910,2025-07,ok,200,200,744,744,0.89,1160953,2026-09-12T14:34:08,
466910,2025-08,ok,200,200,744,744,0.92,1160049,2026-09-12T14:34:10,
466910,2025-09,ok,200,200,720,720,0.61,1122654,2026-09-12T14:34:11,
466910,2025-10,ok,200,200,744,744,0.86,1160737,2026-09-12T14:34:14,
466910,2025-11,ok,200,200,720,720,0.59,1123893,2026-09-12T14:34:15,
466910,2025-12,ok,200,200,744,744,0.69,1160613,2026-09-12T14:34:17,
466920,2023-01,ok,200,200,744,744,1.56,1159842,2026-09-12T14:31:47,
466920,2023-02,ok,200,200,672,672,1.14,1048872,2026-09-12T14:31:49,
466920,2023-03,ok,200,200,744,744,0.81,1159787,2026-09-12T14:31:51,
466920,2023-04,ok,200,200,720,720,1.19,1122857,2026-09-12T14:31:54,
466920,2023-05,ok,200,200,744,744,0.92,1160532,2026-09-12T14:31:56,
466920,2023-06,ok,200,200,720,720,1.11,1123491,2026-09-12T14:31:58,
466920,2023-07,ok,200,200,744,744,0.83,1160790,2026-09-12T14:32:00,
466920,2023-08,ok,200,200,744,744,1.2,1160749,2026-09-12T14:32:03,
466920,2023-09,ok,200,200,720,720,1.0,1122480,2026-09-12T14:32:05,
466920,2023-10,ok,200,200,744,744,0.78,1159877,2026-09-12T14:32:07,
466920,2023-11,ok,200,200,720,720,1.39,1122401,2026-09-12T14:32:09,
466920,2023-12,ok,200,200,744,744,0.86,1160094,2026-09-12T14:32:11,
466920,2024-01,ok,200,200,744,744,1.0,1159591,2026-09-12T14:32:14,
466920,2024-02,ok,200,200,696,696,1.08,1085038,2026-09-12T14:32:16,
466920,2024-03,ok,200,200,744,744,1.28,1160274,2026-09-12T14:32:18,
466920,2024-04,ok,200,200,720,720,1.05,1123304,2026-09-12T14:32:21,
466920,2024-05,ok,200,200,744,744,1.31,1161032,2026-09-12T14:32:23,
466920,2024-06,ok,200,200,720,720,2.73,1123898,2026-09-12T14:32:27,
466920,2024-07,ok,200,200,744,744,0.95,1160884,2026-09-12T14:32:29,
466920,2024-08,ok,200,200,744,744,1.03,1160871,2026-09-12T14:32:31,
466920,2024-09,ok,200,200,720,720,1.02,1123377,2026-09-12T14:32:34,
466920,2024-10,ok,200,200,744,744,1.05,1161950,2026-09-12T14:32:36,
466920,2024-11,ok,200,200,720,720,0.89,1123464,2026-09-12T14:32:38,
466920,2024-12,ok,200,200,744,744,1.05,1160374,2026-09-12T14:32:40,
466920,2025-01,ok,200,200,744,744,1.06,1161000,2026-09-12T14:32:42,
466920,2025-02,ok,200,200,672,672,0.75,1049546,2026-09-12T14:32:44,
466920,2025-03,ok,200,200,744,744,0.59,1161402,2026-09-12T14:32:46,
466920,2025-04,ok,200,200,720,720,1.11,1124388,2026-09-12T14:32:49,
466920,2025-05,ok,200,200,744,744,0.69,1162121,2026-09-12T14:32:50,
466920,2025-06,ok,200,200,720,720,0.72,1124535,2026-09-12T14:32:52,
466920,2025-07,ok,200,200,744,744,0.73,1161950,2026-09-12T14:32:54,
466920,2025-08,ok,200,200,744,744,0.99,1161693,2026-09-12T14:32:56,
466920,2025-09,ok,200,200,720,720,0.97,1124158,2026-09-12T14:32:59,
466920,2025-10,ok,200,200,744,744,1.08,1161484,2026-09-12T14:33:01,
466920,2025-11,ok,200,200,720,720,1.05,1124428,2026-09-12T14:33:03,
466920,2025-12,ok,200,200,744,744,1.0,1161361,2026-09-12T14:33:05,
467530,2023-01,ok,200,200,744,744,1.2,1158985,2026-09-12T14:34:20,
467530,2023-02,ok,200,200,672,672,0.77,1048512,2026-09-12T14:34:22,
467530,2023-03,ok,200,200,744,744,0.67,1159370,2026-09-12T14:34:23,
467530,2023-04,ok,200,200,720,720,1.02,1122890,2026-09-12T14:34:26,
467530,2023-05,ok,200,200,744,744,0.81,1161250,2026-09-12T14:34:28,
467530,2023-06,ok,200,200,720,720,0.83,1124312,2026-09-12T14:34:30,
467530,2023-07,ok,200,200,744,744,0.91,1161485,2026-09-12T14:34:32,
467530,2023-08,ok,200,200,744,744,0.64,1162017,2026-09-12T14:34:34,
467530,2023-09,ok,200,200,720,720,0.72,1123957,2026-09-12T14:34:36,
467530,2023-10,ok,200,200,744,744,0.92,1160769,2026-09-12T14:34:38,
467530,2023-11,ok,200,200,720,720,0.62,1122250,2026-09-12T14:34:40,
467530,2023-12,ok,200,200,744,744,0.84,1160324,2026-09-12T14:34:42,
467530,2024-01,ok,200,200,744,744,0.72,1158713,2026-09-12T14:34:43,
467530,2024-02,ok,200,200,696,696,1.05,1084727,2026-09-12T14:34:46,
467530,2024-03,ok,200,200,744,744,0.69,1160060,2026-09-12T14:34:48,
467530,2024-04,ok,200,200,720,720,0.91,1123419,2026-09-12T14:34:50,
467530,2024-05,ok,200,200,744,744,0.7,1161387,2026-09-12T14:34:52,
467530,2024-06,ok,200,200,720,720,0.56,1124047,2026-09-12T14:34:53,
467530,2024-07,ok,200,200,744,744,0.88,1161188,2026-09-12T14:34:55,
467530,2024-08,ok,200,200,744,744,0.52,1161260,2026-09-12T14:34:57,
467530,2024-09,ok,200,200,720,720,0.75,1123334,2026-09-12T14:34:59,
467530,2024-10,ok,200,200,744,744,0.95,1160597,2026-09-12T14:35:01,
467530,2024-11,ok,200,200,720,720,0.83,1122619,2026-09-12T14:35:03,
467530,2024-12,ok,200,200,744,744,0.7,1159314,2026-09-12T14:35:05,
467530,2025-01,ok,200,200,744,744,0.97,1159362,2026-09-12T14:35:07,
467530,2025-02,ok,200,200,672,672,0.83,1047184,2026-09-12T14:35:09,
467530,2025-03,ok,200,200,744,744,0.86,1159933,2026-09-12T14:35:11,
467530,2025-04,ok,200,200,720,720,0.78,1122912,2026-09-12T14:35:13,
467530,2025-05,ok,200,200,744,744,1.05,1161372,2026-09-12T14:35:16,
467530,2025-06,ok,200,200,720,720,0.66,1124034,2026-09-12T14:35:18,
467530,2025-07,ok,200,200,744,744,0.64,1161819,2026-09-12T14:35:19,
467530,2025-08,ok,200,200,744,744,1.02,1161394,2026-09-12T14:35:22,
467530,2025-09,ok,200,200,720,720,0.91,1123591,2026-09-12T14:35:24,
467530,2025-10,ok,200,200,744,744,0.8,1160262,2026-09-12T14:35:26,
467530,2025-11,ok,200,200,720,720,0.52,1122757,2026-09-12T14:35:27,
467530,2025-12,ok,200,200,744,744,0.62,1158912,2026-09-12T14:35:29,
467550,2008-01,ok,200,200,744,744,2.66,1160853,2026-09-12T14:28:44,
467550,2008-02,ok,200,200,696,696,0.62,1086636,2026-09-12T14:28:46,
467550,2008-03,ok,200,200,744,744,1.12,1161025,2026-09-12T14:28:48,
467550,2008-04,ok,200,200,720,720,0.92,1122862,2026-09-12T14:28:51,
467550,2008-05,ok,200,200,744,744,0.7,1160480,2026-09-12T14:28:52,
467550,2008-06,ok,200,200,720,720,1.17,1123498,2026-09-12T14:28:55,
467550,2008-07,ok,200,200,744,744,0.89,1160301,2026-09-12T14:28:57,
467550,2008-08,ok,200,200,744,744,1.27,1160724,2026-09-12T14:28:59,
467550,2008-09,ok,200,200,720,720,1.27,1122613,2026-09-12T14:29:02,
467550,2008-10,ok,200,200,744,744,1.59,1159628,2026-09-12T14:29:05,
467550,2008-11,ok,200,200,720,720,0.45,1123175,2026-09-12T14:29:06,
467550,2008-12,ok,200,200,744,744,0.8,1161012,2026-09-12T14:29:08,
467550,2009-01,ok,200,200,744,744,0.72,1161068,2026-09-12T14:29:10,
467550,2009-02,ok,200,200,672,672,0.55,1048698,2026-09-12T14:29:12,
467550,2009-03,ok,200,200,744,744,0.94,1161388,2026-09-12T14:29:14,
467550,2009-04,ok,200,200,720,720,1.06,1123902,2026-09-12T14:29:16,
467550,2009-05,ok,200,200,744,744,0.5,1160284,2026-09-12T14:29:18,
467550,2009-06,ok,200,200,720,720,1.3,1123283,2026-09-12T14:29:21,
467550,2009-07,ok,200,200,744,744,0.69,1160488,2026-09-12T14:29:22,
467550,2009-08,ok,200,200,744,744,1.09,1160056,2026-09-12T14:29:25,
467550,2009-09,ok,200,200,720,720,1.22,1122534,2026-09-12T14:29:27,
467550,2009-10,ok,200,200,744,744,0.81,1160189,2026-09-12T14:29:29,
467550,2009-11,ok,200,200,720,720,0.67,1123061,2026-09-12T14:29:31,
467550,2009-12,ok,200,200,744,744,0.95,1161820,2026-09-12T14:29:33,
467550,2010-01,ok,200,200,744,744,1.02,1161416,2026-09-12T14:29:35,
467550,2010-02,ok,200,200,672,672,1.16,1049413,2026-09-12T14:29:38,
467550,2010-03,ok,200,200,744,744,0.94,1160908,2026-09-12T14:29:40,
467550,2010-04,ok,200,200,720,720,1.02,1123567,2026-09-12T14:29:42,
467550,2010-05,ok,200,200,744,744,1.12,1160739,2026-09-12T14:29:44,
467550,2010-06,ok,200,200,720,720,1.22,1123497,2026-09-12T14:29:47,
467550,2010-07,ok,200,200,744,744,1.12,1160114,2026-09-12T14:29:49,
467550,2010-08,ok,200,200,744,744,1.03,1159761,2026-09-12T14:29:51,
467550,2010-09,ok,200,200,720,720,1.14,1122809,2026-09-12T14:29:54,
467550,2010-10,ok,200,200,744,744,1.22,1159890,2026-09-12T14:29:56,
467550,2010-11,ok,200,200,720,720,1.27,1123219,2026-09-12T14:29:59,
467550,2010-12,ok,200,200,744,744,1.03,1161259,2026-09-12T14:30:01,
467550,2011-01,ok,200,200,744,744,0.88,1162033,2026-09-12T14:30:03,
467550,2011-02,ok,200,200,672,672,0.86,1049383,2026-09-12T14:30:05,
467550,2011-03,ok,200,200,744,744,0.92,1161812,2026-09-12T14:30:07,
467550,2011-04,ok,200,200,720,720,1.11,1123461,2026-09-12T14:30:09,
467550,2011-05,ok,200,200,744,744,0.98,1161196,2026-09-12T14:30:12,
467550,2011-06,ok,200,200,720,720,0.89,1124140,2026-09-12T14:30:14,
467550,2011-07,ok,200,200,744,744,1.27,1160862,2026-09-12T14:30:16,
467550,2011-08,ok,200,200,744,744,1.08,1160568,2026-09-12T14:30:18,
467550,2011-09,ok,200,200,720,720,0.91,1122595,2026-09-12T14:30:21,
467550,2011-10,ok,200,200,744,744,0.77,1160695,2026-09-12T14:30:23,
467550,2011-11,ok,200,200,720,720,0.95,1123500,2026-09-12T14:30:25,
467550,2011-12,ok,200,200,744,744,0.77,1161384,2026-09-12T14:30:27,
467550,2012-01,ok,200,200,744,744,0.97,1162347,2026-09-12T14:30:29,
467550,2012-02,ok,200,200,696,696,0.73,1087104,2026-09-12T14:30:31,
467550,2012-03,ok,200,200,744,744,1.17,1161191,2026-09-12T14:30:33,
467550,2012-04,ok,200,200,720,720,1.16,1125049,2026-09-12T14:30:36,
467550,2012-05,ok,200,200,744,744,0.94,1165068,2026-09-12T14:30:38,
467550,2012-06,ok,200,200,720,720,1.11,1126089,2026-09-12T14:30:40,
467550,2012-07,ok,200,200,744,744,1.0,1163136,2026-09-12T14:30:42,
467550,2012-08,ok,200,200,744,744,1.03,1161290,2026-09-12T14:30:44,
467550,2012-09,ok,200,200,720,720,0.67,1122803,2026-09-12T14:30:46,
467550,2012-10,ok,200,200,744,744,1.24,1160326,2026-09-12T14:30:49,
467550,2012-11,ok,200,200,720,720,1.06,1123930,2026-09-12T14:30:51,
467550,2012-12,ok,200,200,744,744,1.28,1162124,2026-09-12T14:30:53,
467550,2013-01,ok,200,200,744,744,0.64,1162246,2026-09-12T14:30:55,
467550,2013-02,ok,200,200,672,672,1.12,1049069,2026-09-12T14:30:58,
467550,2013-03,ok,200,200,744,744,1.09,1162037,2026-09-12T14:31:00,
467550,2013-04,ok,200,200,720,720,0.89,1124667,2026-09-12T14:31:02,
467550,2013-05,ok,200,200,744,744,0.74,1161435,2026-09-12T14:31:04,
467550,2013-06,ok,200,200,720,720,1.2,1123799,2026-09-12T14:31:06,
467550,2013-07,ok,200,200,744,744,0.56,1160755,2026-09-12T14:31:08,
467550,2013-08,ok,200,200,744,744,0.67,1161559,2026-09-12T14:31:10,
467550,2013-09,ok,200,200,720,720,0.83,1124275,2026-09-12T14:31:12,
467550,2013-10,ok,200,200,744,744,0.91,1160135,2026-09-12T14:31:14,
467550,2013-11,ok,200,200,720,720,0.99,1124179,2026-09-12T14:31:16,
467550,2013-12,ok,200,200,744,744,0.8,1162766,2026-09-12T14:31:18,
467550,2014-01,ok,200,200,744,744,0.83,1161889,2026-09-12T14:31:20,
467550,2014-02,ok,200,200,672,672,1.34,1049860,2026-09-12T14:31:23,
467550,2014-03,ok,200,200,744,744,1.24,1161490,2026-09-12T14:31:25,
467550,2014-04,ok,200,200,720,720,0.84,1123700,2026-09-12T14:31:27,
467550,2014-05,ok,200,200,744,744,0.97,1161560,2026-09-12T14:31:30,
467550,2014-06,ok,200,200,720,720,0.73,1123940,2026-09-12T14:31:31,
467550,2014-07,ok,200,200,744,744,0.98,1160557,2026-09-12T14:31:34,
467550,2014-08,ok,200,200,744,744,0.84,1160527,2026-09-12T14:31:36,
467550,2014-09,ok,200,200,720,720,0.89,1122850,2026-09-12T14:31:38,
467550,2014-10,ok,200,200,744,744,0.86,1160070,2026-09-12T14:31:40,
467550,2014-11,ok,200,200,720,720,0.78,1123328,2026-09-12T14:31:42,
467550,2014-12,ok,200,200,744,744,1.08,1161651,2026-09-12T14:31:44,
467550,2015-01,ok,200,200,744,744,0.88,1162190,2026-09-12T14:18:19,
467550,2015-02,ok,200,200,672,672,0.72,1049734,2026-09-12T14:18:21,
467550,2015-03,ok,200,200,744,744,0.91,1161376,2026-09-12T14:18:23,
467550,2015-04,ok,200,200,720,720,1.23,1123796,2026-09-12T14:18:25,
467550,2015-05,ok,200,200,744,744,1.41,1161631,2026-09-12T14:18:28,
467550,2015-06,ok,200,200,720,720,1.25,1123631,2026-09-12T14:18:30,
467550,2015-07,ok,200,200,744,744,1.03,1161455,2026-09-12T14:18:33,
467550,2015-08,ok,200,200,744,744,0.94,1161230,2026-09-12T14:18:35,
467550,2015-09,ok,200,200,720,720,0.88,1123230,2026-09-12T14:18:37,
467550,2015-10,ok,200,200,744,744,0.69,1160375,2026-09-12T14:18:39,
467550,2015-11,ok,200,200,720,720,1.16,1123226,2026-09-12T14:18:41,
467550,2015-12,ok,200,200,744,744,0.73,1161625,2026-09-12T14:18:43,
467550,2016-01,ok,200,200,744,744,0.8,1163543,2026-09-12T14:18:45,
467550,2016-02,ok,200,200,696,696,0.97,1088450,2026-09-12T14:18:47,
467550,2016-03,ok,200,200,744,744,1.42,1162839,2026-09-12T14:18:50,
467550,2016-04,ok,200,200,720,720,1.16,1124904,2026-09-12T14:18:52,
467550,2016-05,ok,200,200,744,744,0.78,1162245,2026-09-12T14:18:54,
467550,2016-06,ok,200,200,720,720,0.69,1124699,2026-09-12T14:18:56,
467550,2016-07,ok,200,200,744,744,1.16,1161893,2026-09-12T14:18:58,
467550,2016-08,ok,200,200,744,744,0.92,1161713,2026-09-12T14:19:01,
467550,2016-09,ok,200,200,720,720,0.73,1124570,2026-09-12T14:19:03,
467550,2016-10,ok,200,200,744,744,0.67,1161926,2026-09-12T14:19:04,
467550,2016-11,ok,200,200,720,720,1.11,1123976,2026-09-12T14:19:07,
467550,2016-12,ok,200,200,744,744,1.17,1162154,2026-09-12T14:19:09,
467550,2017-01,ok,200,200,744,744,0.95,1161506,2026-09-12T14:19:11,
467550,2017-02,ok,200,200,672,672,1.05,1049564,2026-09-12T14:19:13,
467550,2017-03,ok,200,200,744,744,0.8,1161924,2026-09-12T14:19:15,
467550,2017-04,ok,200,200,720,720,1.17,1123872,2026-09-12T14:19:18,
467550,2017-05,ok,200,200,744,744,0.89,1161255,2026-09-12T14:19:20,
467550,2017-06,ok,200,200,720,720,1.19,1130271,2026-09-12T14:19:22,
467550,2017-07,ok,200,200,744,744,0.83,1161618,2026-09-12T14:19:24,
467550,2017-08,ok,200,200,744,744,1.33,1160682,2026-09-12T14:19:27,
467550,2017-09,ok,200,200,720,720,0.67,1123080,2026-09-12T14:19:29,
467550,2017-10,ok,200,200,744,744,1.08,1160794,2026-09-12T14:19:31,
467550,2017-11,ok,200,200,720,720,1.59,1123376,2026-09-12T14:19:34,
467550,2017-12,ok,200,200,744,744,1.23,1161312,2026-09-12T14:19:36,
467550,2018-01,ok,200,200,744,744,0.97,1161834,2026-09-12T14:19:38,
467550,2018-02,ok,200,200,672,672,0.62,1049431,2026-09-12T14:19:40,
467550,2018-03,ok,200,200,744,744,0.98,1161441,2026-09-12T14:19:42,
467550,2018-04,ok,200,200,720,720,1.25,1123846,2026-09-12T14:19:45,
467550,2018-05,ok,200,200,744,744,0.94,1161100,2026-09-12T14:19:47,
467550,2018-06,ok,200,200,720,720,0.95,1123993,2026-09-12T14:19:49,
467550,2018-07,ok,200,200,744,744,1.09,1161181,2026-09-12T14:19:51,
467550,2018-08,ok,200,200,744,744,1.06,1161450,2026-09-12T14:19:54,
467550,2018-09,ok,200,200,720,720,0.91,1123645,2026-09-12T14:19:56,
467550,2018-10,ok,200,200,744,744,0.66,1160809,2026-09-12T14:19:58,
467550,2018-11,ok,200,200,720,720,1.19,1123788,2026-09-12T14:20:00,
467550,2018-12,ok,200,200,744,744,1.08,1160720,2026-09-12T14:20:02,
467550,2019-01,ok,200,200,744,744,0.73,1161456,2026-09-12T14:20:04,
467550,2019-02,ok,200,200,672,672,0.84,1049159,2026-09-12T14:20:06,
467550,2019-03,ok,200,200,744,744,0.67,1161968,2026-09-12T14:20:08,
467550,2019-04,ok,200,200,720,720,0.73,1124102,2026-09-12T14:20:10,
467550,2019-05,ok,200,200,744,744,0.66,1162201,2026-09-12T14:20:12,
467550,2019-06,ok,200,200,720,720,0.75,1124489,2026-09-12T14:20:14,
467550,2019-07,ok,200,200,744,744,0.62,1161669,2026-09-12T14:20:16,
467550,2019-08,ok,200,200,744,744,0.95,1161715,2026-09-12T14:20:18,
467550,2019-09,ok,200,200,720,720,0.78,1122808,2026-09-12T14:20:20,
467550,2019-10,ok,200,200,744,744,1.09,1159935,2026-09-12T14:20:22,
467550,2019-11,ok,200,200,720,720,1.22,1122763,2026-09-12T14:20:25,
467550,2019-12,ok,200,200,744,744,1.19,1161155,2026-09-12T14:20:27,
467550,2020-01,ok,200,200,744,744,1.38,1161329,2026-09-12T14:20:30,
467550,2020-02,ok,200,200,696,696,1.33,1086330,2026-09-12T14:20:32,
467550,2020-03,ok,200,200,744,744,1.28,1161963,2026-09-12T14:20:35,
467550,2020-04,ok,200,200,720,720,0.66,1124737,2026-09-12T14:20:36,
467550,2020-05,ok,200,200,744,744,0.72,1162068,2026-09-12T14:20:38,
467550,2020-06,ok,200,200,720,720,0.75,1123980,2026-09-12T14:20:40,
467550,2020-07,ok,200,200,744,744,2.69,1161069,2026-09-12T14:20:44,
467550,2020-08,ok,200,200,744,744,1.28,1161008,2026-09-12T14:20:47,
467550,2020-09,ok,200,200,720,720,0.84,1123212,2026-09-12T14:20:49,
467550,2020-10,ok,200,200,744,744,0.78,1159873,2026-09-12T14:20:51,
467550,2020-11,ok,200,200,720,720,0.78,1122668,2026-09-12T14:20:53,
467550,2020-12,ok,200,200,744,744,0.81,1161561,2026-09-12T14:20:55,
467550,2021-01,ok,200,200,744,744,0.7,1161578,2026-09-12T14:20:57,
467550,2021-02,ok,200,200,672,672,0.56,1049156,2026-09-12T14:20:58,
467550,2021-03,ok,200,200,672,744,0.92,1048875,2026-09-12T14:21:01,
467550,2021-04,ok,200,200,720,720,0.86,1123177,2026-09-12T14:21:03,
467550,2021-05,ok,200,200,696,744,0.67,1086139,2026-09-12T14:21:04,
467550,2021-06,partial,200,200,576,720,0.61,899059,2026-09-12T14:21:06,
467550,2021-07,ok,200,200,744,744,0.59,1160732,2026-09-12T14:21:08,
467550,2021-08,ok,200,200,744,744,0.75,1160904,2026-09-12T14:21:10,
467550,2021-09,ok,200,200,720,720,0.67,1123576,2026-09-12T14:21:12,
467550,2021-10,ok,200,200,744,744,0.55,1161654,2026-09-12T14:21:14,
467550,2021-11,ok,200,200,720,720,0.88,1123440,2026-09-12T14:21:16,
467550,2021-12,ok,200,200,744,744,1.11,1161373,2026-09-12T14:21:18,
467550,2022-01,ok,200,200,744,744,0.86,1161724,2026-09-12T14:21:20,
467550,2022-02,ok,200,200,672,672,0.61,1049461,2026-09-12T14:21:22,
467550,2022-03,ok,200,200,744,744,0.59,1161861,2026-09-12T14:21:24,
467550,2022-04,ok,200,200,720,720,0.81,1124121,2026-09-12T14:21:26,
467550,2022-05,ok,200,200,744,744,0.75,1161812,2026-09-12T14:21:28,
467550,2022-06,ok,200,200,720,720,0.56,1124169,2026-09-12T14:21:29,
467550,2022-07,ok,200,200,744,744,0.97,1160745,2026-09-12T14:21:32,
467550,2022-08,ok,200,200,744,744,0.94,1160664,2026-09-12T14:21:34,
467550,2022-09,ok,200,200,720,720,0.88,1123459,2026-09-12T14:21:36,
467550,2022-10,ok,200,200,744,744,0.73,1160501,2026-09-12T14:21:38,
467550,2022-11,ok,200,200,720,720,0.95,1123403,2026-09-12T14:21:40,
467550,2022-12,ok,200,200,744,744,0.99,1161268,2026-09-12T14:21:42,
467550,2023-01,ok,200,200,744,744,1.77,1159620,2026-09-12T14:17:03,
467550,2023-02,ok,200,200,672,672,1.05,1048982,2026-09-12T14:17:06,
467550,2023-03,ok,200,200,744,744,0.8,1159771,2026-09-12T14:17:08,
467550,2023-04,ok,200,200,720,720,0.88,1122504,2026-09-12T14:17:10,
467550,2023-05,ok,200,200,744,744,1.3,1160502,2026-09-12T14:17:12,
467550,2023-06,ok,200,200,720,720,1.11,1123148,2026-09-12T14:17:14,
467550,2023-07,ok,200,200,744,744,0.89,1160177,2026-09-12T14:17:17,
467550,2023-08,ok,200,200,744,744,0.67,1160611,2026-09-12T14:17:18,
467550,2023-09,ok,200,200,720,720,0.84,1122050,2026-09-12T14:17:20,
467550,2023-10,ok,200,200,744,744,1.27,1160091,2026-09-12T14:17:23,
467550,2023-11,ok,200,200,720,720,0.78,1122098,2026-09-12T14:17:25,
467550,2023-12,ok,200,200,744,744,0.81,1160631,2026-09-12T14:17:27,
467550,2024-01,ok,200,200,744,744,1.19,1159906,2026-09-12T14:17:29,
467550,2024-02,ok,200,200,696,696,1.78,1084799,2026-09-12T14:16:35,
467550,2024-03,ok,200,200,744,744,1.24,1160044,2026-09-12T14:17:32,
467550,2024-04,ok,200,200,720,720,0.73,1122450,2026-09-12T14:17:34,
467550,2024-05,ok,200,200,744,744,0.75,1163567,2026-09-12T14:17:36,
467550,2024-06,ok,200,200,720,720,1.09,1125249,2026-09-12T14:17:38,
467550,2024-07,ok,200,200,744,744,0.84,1160094,2026-09-12T14:17:40,
467550,2024-08,ok,200,200,744,744,1.14,1159410,2026-09-12T14:17:42,
467550,2024-09,ok,200,200,720,720,0.92,1122154,2026-09-12T14:17:44,
467550,2024-10,ok,200,200,744,744,0.78,1159367,2026-09-12T14:17:46,
467550,2024-11,ok,200,200,720,720,0.61,1122175,2026-09-12T14:17:48,
467550,2024-12,ok,200,200,744,744,0.83,1160583,2026-09-12T14:17:50,
467550,2025-01,ok,200,200,744,744,1.03,1160332,2026-09-12T14:17:52,
467550,2025-02,ok,200,200,672,672,0.81,1047911,2026-09-12T14:17:54,
467550,2025-03,ok,200,200,744,744,0.92,1160056,2026-09-12T14:17:57,
467550,2025-04,ok,200,200,720,720,1.22,1122794,2026-09-12T14:17:59,
467550,2025-05,ok,200,200,744,744,1.11,1160330,2026-09-12T14:18:01,
467550,2025-06,ok,200,200,720,720,1.44,1123074,2026-09-12T14:18:04,
467550,2025-07,ok,200,200,744,744,1.38,1160794,2026-09-12T14:18:07,
467550,2025-08,ok,200,200,744,744,0.77,1159929,2026-09-12T14:18:09,
467550,2025-09,ok,200,200,720,720,0.95,1122629,2026-09-12T14:18:11,
467550,2025-10,ok,200,200,744,744,0.61,1159244,2026-09-12T14:18:12,
467550,2025-11,ok,200,200,720,720,0.73,1123015,2026-09-12T14:18:14,
467550,2025-12,ok,200,200,744,744,1.2,1159904,2026-09-12T14:18:17,
C0H990,2008-01,ok,200,200,744,744,0.61,765797,2026-09-12T14:35:31,
C0H990,2008-02,ok,200,200,696,696,0.53,715872,2026-09-12T14:35:33,
C0H990,2008-03,ok,200,200,744,744,0.5,765747,2026-09-12T14:35:34,
C0H990,2008-04,ok,200,200,720,720,0.69,741030,2026-09-12T14:35:36,
C0H990,2008-05,ok,200,200,744,744,0.75,765631,2026-09-12T14:35:38,
C0H990,2008-06,ok,200,200,720,720,0.59,741098,2026-09-12T14:35:40,
C0H990,2008-07,ok,200,200,744,744,0.51,765434,2026-09-12T14:35:42,
C0H990,2008-08,ok,200,200,744,744,0.67,765156,2026-09-12T14:35:44,
C0H990,2008-09,ok,200,200,720,720,0.59,740699,2026-09-12T14:35:46,
C0H990,2008-10,ok,200,200,744,744,0.44,765032,2026-09-12T14:35:47,
C0H990,2008-11,ok,200,200,720,720,2.41,740701,2026-09-12T14:35:51,
C0H990,2008-12,ok,200,200,744,744,0.66,765343,2026-09-12T14:35:53,
C0H990,2009-01,ok,200,200,744,744,0.61,765428,2026-09-12T14:35:54,
C0H990,2009-02,ok,200,200,672,672,0.53,691510,2026-09-12T14:35:56,
C0H990,2009-03,ok,200,200,744,744,0.69,765838,2026-09-12T14:35:58,
C0H990,2009-04,ok,200,200,720,720,0.88,741045,2026-09-12T14:36:00,
C0H990,2009-05,ok,200,200,744,744,0.44,765134,2026-09-12T14:36:02,
C0H990,2009-06,ok,200,200,720,720,0.67,741156,2026-09-12T14:36:04,
C0H990,2009-07,ok,200,200,744,744,0.75,765537,2026-09-12T14:36:06,
C0H990,2009-08,ok,200,200,744,744,0.52,765075,2026-09-12T14:36:07,
C0H990,2009-09,ok,200,200,720,720,0.53,740184,2026-09-12T14:36:09,
C0H990,2009-10,ok,200,200,744,744,0.5,764888,2026-09-12T14:36:11,
C0H990,2009-11,ok,200,200,720,720,0.44,740878,2026-09-12T14:36:12,
C0H990,2009-12,ok,200,200,744,744,0.66,765273,2026-09-12T14:36:14,
C0H990,2010-01,ok,200,200,744,744,0.47,765350,2026-09-12T14:36:16,
C0H990,2010-02,ok,200,200,672,672,0.95,691711,2026-09-12T14:36:18,
C0H990,2010-03,ok,200,200,744,744,0.72,765641,2026-09-12T14:36:20,
C0H990,2010-04,ok,200,200,720,720,0.52,741193,2026-09-12T14:36:22,
C0H990,2010-05,ok,200,200,744,744,0.78,766031,2026-09-12T14:36:24,
C0H990,2010-06,ok,200,200,720,720,0.52,741427,2026-09-12T14:36:25,
C0H990,2010-07,ok,200,200,744,744,0.75,765499,2026-09-12T14:36:27,
C0H990,2010-08,ok,200,200,744,744,0.42,764842,2026-09-12T14:36:29,
C0H990,2010-09,ok,200,200,720,720,0.34,740334,2026-09-12T14:36:31,
C0H990,2010-10,ok,200,200,744,744,0.78,765068,2026-09-12T14:36:32,
C0H990,2010-11,ok,200,200,720,720,0.42,740765,2026-09-12T14:36:34,
C0H990,2010-12,ok,200,200,744,744,0.62,766004,2026-09-12T14:36:36,
C0H990,2011-01,ok,200,200,744,744,0.72,765601,2026-09-12T14:36:38,
C0H990,2011-02,ok,200,200,672,672,0.41,691144,2026-09-12T14:36:39,
C0H9C0,2008-02,ok,200,200,696,120,1.78,721710,2026-09-12T14:16:31,
C0H9C0,2008-03,ok,200,200,744,744,0.78,765711,2026-09-12T14:21:44,
C0H9C0,2008-04,ok,200,200,720,720,0.69,741048,2026-09-12T14:21:46,
C0H9C0,2008-05,ok,200,200,744,744,0.62,765857,2026-09-12T14:21:48,
C0H9C0,2008-06,ok,200,200,720,720,0.39,741214,2026-09-12T14:21:49,
C0H9C0,2008-07,ok,200,200,744,744,0.59,765761,2026-09-12T14:21:51,
C0H9C0,2008-08,ok,200,200,744,744,0.61,765745,2026-09-12T14:21:53,
C0H9C0,2008-09,ok,200,200,720,720,0.7,741353,2026-09-12T14:21:55,
C0H9C0,2008-10,ok,200,200,744,744,0.5,765506,2026-09-12T14:21:57,
C0H9C0,2008-11,ok,200,200,720,720,0.59,741004,2026-09-12T14:21:58,
C0H9C0,2008-12,ok,200,200,744,744,0.45,765668,2026-09-12T14:22:00,
C0H9C0,2009-01,ok,200,200,744,744,0.77,765849,2026-09-12T14:22:02,
C0H9C0,2009-02,ok,200,200,672,672,0.58,691582,2026-09-12T14:22:04,
C0H9C0,2009-03,ok,200,200,744,744,0.56,766085,2026-09-12T14:22:06,
C0H9C0,2009-04,ok,200,200,720,720,0.55,742269,2026-09-12T14:22:07,
C0H9C0,2009-05,ok,200,200,744,744,0.55,769824,2026-09-12T14:22:09,
C0H9C0,2009-06,ok,200,200,720,720,0.84,743410,2026-09-12T14:22:11,
C0H9C0,2009-07,ok,200,200,744,744,0.52,766093,2026-09-12T14:22:13,
C0H9C0,2009-08,ok,200,200,744,744,0.7,766291,2026-09-12T14:22:15,
C0H9C0,2009-09,ok,200,200,720,720,0.52,744482,2026-09-12T14:22:16,
C0H9C0,2009-10,ok,200,200,744,744,0.66,766975,2026-09-12T14:22:18,
C0H9C0,2009-11,ok,200,200,720,720,0.8,741147,2026-09-12T14:22:20,
C0H9C0,2009-12,ok,200,200,744,744,0.52,764933,2026-09-12T14:22:22,
C0H9C0,2010-01,ok,200,200,744,744,0.39,765807,2026-09-12T14:22:24,
C0H9C0,2010-02,ok,200,200,672,672,0.53,691591,2026-09-12T14:22:25,
C0H9C0,2010-03,ok,200,200,744,744,0.52,765751,2026-09-12T14:22:27,
C0H9C0,2010-04,ok,200,200,720,720,0.72,741161,2026-09-12T14:22:29,
C0H9C0,2010-05,ok,200,200,744,744,0.61,765896,2026-09-12T14:22:31,
C0H9C0,2010-06,ok,200,200,720,720,0.73,741227,2026-09-12T14:22:33,
C0H9C0,2010-07,ok,200,200,744,744,1.06,766127,2026-09-12T14:22:35,
C0H9C0,2010-08,ok,200,200,744,744,0.59,765995,2026-09-12T14:22:37,
C0H9C0,2010-09,ok,200,200,720,720,0.66,741241,2026-09-12T14:22:39,
C0H9C0,2010-10,ok,200,200,744,744,0.83,765769,2026-09-12T14:22:41,
C0H9C0,2010-11,ok,200,200,720,720,0.62,740951,2026-09-12T14:22:43,
C0H9C0,2010-12,ok,200,200,744,744,0.69,765978,2026-09-12T14:22:44,
C0H9C0,2011-01,ok,200,200,744,744,0.38,765214,2026-09-12T14:22:46,
C0H9C0,2011-02,ok,200,200,672,672,0.66,691485,2026-09-12T14:22:48,
C0H9C0,2011-03,ok,200,200,744,744,0.67,765764,2026-09-12T14:22:50,
C0H9C0,2011-04,ok,200,200,720,720,0.69,741221,2026-09-12T14:22:52,
C0H9C0,2011-05,ok,200,200,744,744,0.44,767917,2026-09-12T14:22:53,
C0H9C0,2011-06,ok,200,200,720,720,0.58,741887,2026-09-12T14:22:55,
C0H9C0,2011-07,partial,200,200,96,744,0.58,99295,2026-09-12T14:22:57,
C0H9C0,2011-08,partial,200,200,0,744,0.36,78,2026-09-12T14:22:58,
C0H9C0,2011-09,partial,200,200,0,720,0.42,78,2026-09-12T14:23:00,
C0H9C0,2011-10,partial,200,200,0,744,0.33,78,2026-09-12T14:23:02,
C0H9C0,2011-11,ok,200,200,720,720,0.44,739220,2026-09-12T14:23:03,
C0H9C0,2011-12,ok,200,200,744,744,0.81,763623,2026-09-12T14:23:05,
C0H9C0,2012-01,ok,200,200,744,744,0.8,763415,2026-09-12T14:23:07,
C0H9C0,2012-02,ok,200,200,696,696,0.69,714448,2026-09-12T14:23:09,
C0H9C0,2012-03,ok,200,200,744,744,0.41,763891,2026-09-12T14:23:11,
C0H9C0,2012-04,ok,200,200,720,720,0.5,742826,2026-09-12T14:23:12,
C0H9C0,2012-05,ok,200,200,744,744,0.58,765420,2026-09-12T14:23:14,
C0H9C0,2012-06,ok,200,200,720,720,0.42,739945,2026-09-12T14:23:16,
C0H9C0,2012-07,ok,200,200,744,744,0.64,764262,2026-09-12T14:23:18,
C0H9C0,2012-08,ok,200,200,744,744,0.62,764505,2026-09-12T14:23:19,
C0H9C0,2012-09,ok,200,200,720,720,0.56,739615,2026-09-12T14:23:21,
C0H9C0,2012-10,ok,200,200,744,744,0.8,764000,2026-09-12T14:23:23,
C0H9C0,2012-11,ok,200,200,720,720,0.58,740018,2026-09-12T14:23:25,
C0H9C0,2012-12,ok,200,200,744,744,0.55,765045,2026-09-12T14:23:27,
C0H9C0,2013-01,ok,200,200,744,744,0.59,765458,2026-09-12T14:23:29,
C0H9C0,2013-02,ok,200,200,672,672,0.66,690319,2026-09-12T14:23:30,
C0H9C0,2013-03,ok,200,200,744,744,0.62,764393,2026-09-12T14:23:32,
C0H9C0,2013-04,ok,200,200,720,720,0.62,740167,2026-09-12T14:23:34,
C0H9C0,2013-05,ok,200,200,744,744,0.5,765054,2026-09-12T14:23:36,
C0H9C0,2013-06,ok,200,200,720,720,0.98,740071,2026-09-12T14:23:38,
C0H9C0,2013-07,ok,200,200,744,744,0.81,764412,2026-09-12T14:23:40,
C0H9C0,2013-08,ok,200,200,744,744,0.44,764404,2026-09-12T14:23:42,
C0H9C0,2013-09,ok,200,200,720,720,1.06,739439,2026-09-12T14:23:44,
C0H9C0,2013-10,ok,200,200,744,744,0.47,763808,2026-09-12T14:23:46,
C0H9C0,2013-11,ok,200,200,720,720,0.89,739575,2026-09-12T14:23:48,
C0H9C0,2013-12,ok,200,200,744,744,0.62,763940,2026-09-12T14:23:49,
C0H9C0,2014-01,ok,200,200,744,744,0.55,763966,2026-09-12T14:23:51,
C0H9C0,2014-02,ok,200,200,672,672,2.38,691859,2026-09-12T14:23:55,
C0H9C0,2014-03,ok,200,200,744,744,0.38,764578,2026-09-12T14:23:56,
C0H9C0,2014-04,ok,200,200,720,720,1.42,739763,2026-09-12T14:23:59,
C0H9C0,2014-05,ok,200,200,744,744,0.5,764878,2026-09-12T14:24:01,
C0H9C0,2014-06,ok,200,200,720,720,0.88,740056,2026-09-12T14:24:03,
C0H9C0,2014-07,ok,200,200,744,744,0.69,764301,2026-09-12T14:24:05,
C0H9C0,2014-08,ok,200,200,744,744,0.67,764449,2026-09-12T14:24:06,
C0H9C0,2014-09,ok,200,200,720,720,0.89,739409,2026-09-12T14:24:09,
C0H9C0,2014-10,ok,200,200,744,744,0.88,763740,2026-09-12T14:24:11,
C0H9C0,2014-11,ok,200,200,720,720,0.66,739442,2026-09-12T14:24:12,
C0H9C0,2014-12,ok,200,200,744,744,0.92,764417,2026-09-12T14:24:15,
C0H9C0,2015-01,ok,200,200,744,744,0.92,764075,2026-09-12T14:24:17,
C0H9C0,2015-02,ok,200,200,672,672,0.89,691031,2026-09-12T14:24:19,
C0H9C0,2015-03,ok,200,200,744,744,0.39,764513,2026-09-12T14:24:20,
C0H9C0,2015-04,ok,200,200,720,720,0.77,739510,2026-09-12T14:24:22,
C0H9C0,2015-05,ok,200,200,744,744,0.69,764574,2026-09-12T14:24:24,
C0H9C0,2015-06,ok,200,200,720,720,0.84,739660,2026-09-12T14:24:26,
C0H9C0,2015-07,ok,200,200,744,744,0.81,764286,2026-09-12T14:24:28,
C0H9C0,2015-08,ok,200,200,744,744,1.02,765202,2026-09-12T14:24:31,
C0H9C0,2015-09,ok,200,200,720,720,0.83,739365,2026-09-12T14:24:33,
C0H9C0,2015-10,ok,200,200,744,744,1.08,763937,2026-09-12T14:24:35,
C0H9C0,2015-11,ok,200,200,720,720,0.73,739211,2026-09-12T14:24:37,
C0H9C0,2015-12,ok,200,200,744,744,1.02,763899,2026-09-12T14:24:39,
C0H9C0,2016-01,ok,200,200,744,744,0.8,774219,2026-09-12T14:24:41,
C0H9C0,2016-02,ok,200,200,696,696,0.62,723216,2026-09-12T14:24:43,
C0H9C0,2016-03,ok,200,200,744,744,1.25,774584,2026-09-12T14:24:45,
C0H9C0,2016-04,ok,200,200,720,720,1.12,749798,2026-09-12T14:24:48,
C0H9C0,2016-05,ok,200,200,744,744,0.77,774978,2026-09-12T14:24:50,
C0H9C0,2016-06,ok,200,200,720,720,0.53,750114,2026-09-12T14:24:51,
C0H9C0,2016-07,ok,200,200,744,744,0.97,774932,2026-09-12T14:24:53,
C0H9C0,2016-08,ok,200,200,744,744,1.03,774838,2026-09-12T14:24:56,
C0H9C0,2016-09,ok,200,200,720,720,0.58,750036,2026-09-12T14:24:57,
C0H9C0,2016-10,ok,200,200,744,744,0.78,774146,2026-09-12T14:24:59,
C0H9C0,2016-11,ok,200,200,720,720,0.48,739106,2026-09-12T14:25:01,
C0H9C0,2016-12,ok,200,200,744,744,0.92,763480,2026-09-12T14:25:03,
C0H9C0,2017-01,ok,200,200,744,744,0.94,775192,2026-09-12T14:25:05,
C0H9C0,2017-02,ok,200,200,672,672,0.77,699191,2026-09-12T14:25:07,
C0H9C0,2017-03,ok,200,200,744,744,0.73,774022,2026-09-12T14:25:09,
C0H9C0,2017-04,ok,200,200,720,720,0.73,748731,2026-09-12T14:25:11,
C0H9C0,2017-05,ok,200,200,744,744,0.98,775174,2026-09-12T14:25:13,
C0H9C0,2017-06,ok,200,200,720,720,0.76,749078,2026-09-12T14:25:15,
C0H9C0,2017-07,ok,200,200,744,744,0.86,774962,2026-09-12T14:25:17,
C0H9C0,2017-08,ok,200,200,744,744,0.56,775081,2026-09-12T14:25:19,
C0H9C0,2017-09,ok,200,200,720,720,0.95,750061,2026-09-12T14:25:21,
C0H9C0,2017-10,ok,200,200,744,744,0.66,774458,2026-09-12T14:25:23,
C0H9C0,2017-11,ok,200,200,720,720,1.02,751738,2026-09-12T14:25:25,
C0H9C0,2017-12,ok,200,200,744,744,0.8,774465,2026-09-12T14:25:27,
C0H9C0,2018-01,ok,200,200,744,744,0.58,774219,2026-09-12T14:25:29,
C0H9C0,2018-02,ok,200,200,672,672,0.52,698412,2026-09-12T14:25:31,
C0H9C0,2018-03,ok,200,200,744,744,0.53,774423,2026-09-12T14:25:33,
C0H9C0,2018-04,ok,200,200,720,720,0.91,751516,2026-09-12T14:25:35,
C0H9C0,2018-05,ok,200,200,744,744,0.59,775282,2026-09-12T14:25:37,
C0H9C0,2018-06,ok,200,200,720,720,0.75,750518,2026-09-12T14:25:38,
C0H9C0,2018-07,ok,200,200,744,744,0.33,775091,2026-09-12T14:25:40,
C0H9C0,2018-08,ok,200,200,744,744,0.97,775411,2026-09-12T14:25:42,
C0H9C0,2018-09,ok,200,200,720,720,0.88,749810,2026-09-12T14:25:44,
C0H9C0,2018-10,ok,200,200,744,744,0.44,775161,2026-09-12T14:25:46,
C0H9C0,2018-11,ok,200,200,720,720,0.38,750256,2026-09-12T14:25:47,
C0H9C0,2018-12,ok,200,200,744,744,1.11,775546,2026-09-12T14:25:50,
C0H9C0,2019-01,ok,200,200,744,744,1.05,777155,2026-09-12T14:25:52,
C0H9C0,2019-02,ok,200,200,672,672,0.91,701393,2026-09-12T14:25:54,
C0H9C0,2019-03,ok,200,200,744,744,1.02,775295,2026-09-12T14:25:56,
C0H9C0,2019-04,ok,200,200,720,720,0.84,749821,2026-09-12T14:25:58,
C0H9C0,2019-05,ok,200,200,744,744,0.67,775147,2026-09-12T14:26:00,
C0H9C0,2019-06,ok,200,200,720,720,1.22,749490,2026-09-12T14:26:03,
C0H9C0,2019-07,ok,200,200,744,744,0.91,774189,2026-09-12T14:26:05,
C0H9C0,2019-08,ok,200,200,744,744,0.62,774462,2026-09-12T14:26:07,
C0H9C0,2019-09,ok,200,200,720,720,0.95,750923,2026-09-12T14:26:09,
C0H9C0,2019-10,ok,200,200,744,744,0.98,776170,2026-09-12T14:26:11,
C0H9C0,2019-11,ok,200,200,720,720,0.39,748404,2026-09-12T14:26:13,
C0H9C0,2019-12,ok,200,200,744,744,0.86,772122,2026-09-12T14:26:15,
C0H9C0,2020-01,ok,200,200,744,744,1.05,772547,2026-09-12T14:26:17,
C0H9C0,2020-02,ok,200,200,696,696,0.39,722489,2026-09-12T14:26:18,
C0H9C0,2020-03,ok,200,200,744,744,0.42,772548,2026-09-12T14:26:20,
C0H9C0,2020-04,ok,200,200,720,720,0.89,748015,2026-09-12T14:26:22,
C0H9C0,2020-05,ok,200,200,744,744,0.39,772362,2026-09-12T14:26:24,
C0H9C0,2020-06,ok,200,200,720,720,0.62,748348,2026-09-12T14:26:26,
C0H9C0,2020-07,ok,200,200,744,744,1.02,774205,2026-09-12T14:26:28,
C0H9C0,2020-08,ok,200,200,744,744,0.69,773797,2026-09-12T14:26:30,
C0H9C0,2020-09,ok,200,200,720,720,0.64,749395,2026-09-12T14:26:31,
C0H9C0,2020-10,ok,200,200,744,744,0.84,774831,2026-09-12T14:26:34,
C0H9C0,2020-11,ok,200,200,720,720,1.03,747947,2026-09-12T14:26:36,
C0H9C0,2020-12,ok,200,200,744,744,0.72,773357,2026-09-12T14:26:38,
C0H9C0,2021-01,ok,200,200,744,744,0.89,771893,2026-09-12T14:26:40,
C0H9C0,2021-02,ok,200,200,672,672,0.62,698093,2026-09-12T14:26:42,
C0H9C0,2021-03,ok,200,200,744,744,0.91,773164,2026-09-12T14:26:44,
C0H9C0,2021-04,ok,200,200,720,720,0.7,748026,2026-09-12T14:26:46,
C0H9C0,2021-05,ok,200,200,744,744,0.83,773118,2026-09-12T14:26:48,
C0H9C0,2021-06,ok,200,200,720,720,0.81,749063,2026-09-12T14:26:50,
C0H9C0,2021-07,ok,200,200,744,744,0.83,773661,2026-09-12T14:26:52,
C0H9C0,2021-08,ok,200,200,744,744,0.84,774014,2026-09-12T14:26:54,
C0H9C0,2021-09,ok,200,200,720,720,0.69,748186,2026-09-12T14:26:56,
C0H9C0,2021-10,ok,200,200,744,744,0.75,773657,2026-09-12T14:26:58,
C0H9C0,2021-11,ok,200,200,720,720,1.08,748599,2026-09-12T14:27:00,
C0H9C0,2021-12,ok,200,200,744,744,0.81,772893,2026-09-12T14:27:02,
C0H9C0,2022-01,ok,200,200,744,744,1.0,773169,2026-09-12T14:27:04,
C0H9C0,2022-02,ok,200,200,672,672,0.8,698765,2026-09-12T14:27:06,
C0H9C0,2022-03,ok,200,200,744,744,0.42,773436,2026-09-12T14:27:08,
C0H9C0,2022-04,ok,200,200,720,720,0.69,748392,2026-09-12T14:27:10,
C0H9C0,2022-05,ok,200,200,744,744,0.59,774146,2026-09-12T14:27:11,
C0H9C0,2022-06,ok,200,200,720,720,0.66,748977,2026-09-12T14:27:13,
C0H9C0,2022-07,ok,200,200,744,744,2.27,773345,2026-09-12T14:27:17,
C0H9C0,2022-08,ok,200,200,744,744,0.83,774002,2026-09-12T14:27:19,
C0H9C0,2022-09,ok,200,200,720,720,0.62,748273,2026-09-12T14:27:21,
C0H9C0,2022-10,ok,200,200,744,744,0.95,773317,2026-09-12T14:27:23,
C0H9C0,2022-11,ok,200,200,720,720,0.8,748419,2026-09-12T14:27:25,
C0H9C0,2022-12,ok,200,200,744,744,1.19,773748,2026-09-12T14:27:27,
C0H9C0,2023-01,ok,200,200,744,744,0.62,773444,2026-09-12T14:27:29,
C0H9C0,2023-02,ok,200,200,672,672,0.61,698834,2026-09-12T14:27:31,
C0H9C0,2023-03,ok,200,200,744,744,0.42,773871,2026-09-12T14:27:32,
C0H9C0,2023-04,ok,200,200,720,720,1.23,748593,2026-09-12T14:27:35,
C0H9C0,2023-05,ok,200,200,744,744,0.76,773570,2026-09-12T14:27:37,
C0H9C0,2023-06,ok,200,200,720,720,1.02,748830,2026-09-12T14:27:39,
C0H9C0,2023-07,ok,200,200,744,744,0.36,773578,2026-09-12T14:27:41,
C0H9C0,2023-08,ok,200,200,744,744,0.58,773392,2026-09-12T14:27:42,
C0H9C0,2023-09,ok,200,200,720,720,0.8,747856,2026-09-12T14:27:44,
C0H9C0,2023-10,ok,200,200,744,744,1.11,773082,2026-09-12T14:27:47,
C0H9C0,2023-11,ok,200,200,720,720,0.55,747801,2026-09-12T14:27:48,
C0H9C0,2023-12,ok,200,200,744,744,0.95,772958,2026-09-12T14:27:50,
C0H9C0,2024-01,ok,200,200,744,744,0.91,774686,2026-09-12T14:27:53,
C0H9C0,2024-02,ok,200,200,696,696,0.7,723590,2026-09-12T14:27:54,
C0H9C0,2024-03,ok,200,200,744,744,0.75,773518,2026-09-12T14:27:56,
C0H9C0,2024-04,ok,200,200,720,720,0.53,748570,2026-09-12T14:27:58,
C0H9C0,2024-05,ok,200,200,744,744,0.88,773266,2026-09-12T14:28:00,
C0H9C0,2024-06,ok,200,200,720,720,0.75,748657,2026-09-12T14:28:02,
C0H9C0,2024-07,ok,200,200,744,744,0.88,773199,2026-09-12T14:28:04,
C0H9C0,2024-08,ok,200,200,744,744,0.88,772780,2026-09-12T14:28:06,
C0H9C0,2024-09,ok,200,200,720,720,0.52,747963,2026-09-12T14:28:08,
C0H9C0,2024-10,ok,200,200,744,744,0.77,773075,2026-09-12T14:28:10,
C0H9C0,2024-11,ok,200,200,720,720,0.95,748065,2026-09-12T14:28:12,
C0H9C0,2024-12,ok,200,200,744,744,0.76,772620,2026-09-12T14:28:14,
C0H9C0,2025-01,ok,200,200,744,744,1.16,772857,2026-09-12T14:28:16,
C0H9C0,2025-02,ok,200,200,672,672,0.78,697956,2026-09-12T14:28:18,
C0H9C0,2025-03,ok,200,200,744,744,0.73,772511,2026-09-12T14:28:20,
C0H9C0,2025-04,ok,200,200,720,720,0.61,749132,2026-09-12T14:28:22,
C0H9C0,2025-05,ok,200,200,744,744,1.36,773349,2026-09-12T14:28:25,
C0H9C0,2025-06,ok,200,200,720,720,0.64,748461,2026-09-12T14:28:27,
C0H9C0,2025-07,ok,200,200,744,744,0.59,773698,2026-09-12T14:28:28,
C0H9C0,2025-08,ok,200,200,744,744,0.72,773242,2026-09-12T14:28:30,
C0H9C0,2025-09,ok,200,200,720,720,1.0,748159,2026-09-12T14:28:32,
C0H9C0,2025-10,ok,200,200,744,744,0.94,772809,2026-09-12T14:28:35,
C0H9C0,2025-11,ok,200,200,720,720,0.53,748126,2026-09-12T14:28:36,
C0H9C0,2025-12,ok,200,200,744,744,0.78,773218,2026-09-12T14:28:38,
